{
  "index": "/index.html",
  "assetGroups": [
    {
      "name": "app",
      "installMode": "prefetch",
      "resources": {
        "files": [
          "/favicon.ico",
          "/index.html",
          "/manifest.json",
          "/*.css",
          "/*.js",
          "/*.woff",
          "/*.woff2",
          "/*.eot",
          "/*.svg",
          "/*.ttf",
          "/*.png",
          "/*.jpg",
          "/*.jpeg"
        ]
      }
    }, {
      "name": "assets",
      "installMode": "lazy",
      "updateMode": "prefetch",
      "resources": {
        "files": [
          "/assets/**/*.*",
          "/assets/**/**/*.*"
        ]
      }
    }
  ],
  "dataGroups": [{
    "name": "api-freshness",
    "urls": [
      "https://amp.azure.net/libs/amp/latest/skins/amp-default/azuremediaplayer.min.css",
      "https://s0.assets-yammer.com/assets/platform_embed.js",
      "https://www.gstatic.com/firebasejs/4.9.0/firebase.js",
      "https://amp.azure.net/libs/amp/latest/techs/*",
      "https://*.azurewebsites.net/user/details",
      "https://*.azurewebsites.net/Users/ComplianceStatus/*",
      "https://*.azurewebsites.net/Browse/Academy"
    ],
    "cacheConfig": {
      "maxSize": 20,
      "maxAge": "6h",
      "timeout":"10s",
      "strategy": "freshness"
    }
  }]
}
